group	multi_genus_count	all_multi_genus
Ig-like fold superfamily (E-set)	10512	2465115
Sm (Small RNA binding protein domain)	6020	2465115
Rof/RNase P subunit-like superfamily	509	2465115
Ribosomal protein	242499	2465115
4Fe-4S ferredoxins	34316	2465115
"MetJ/Arc repressor, antitoxin of TA systems superfamily"	42617	2465115
RNA polymerase Rpb6	7082	2465115
Bacteriophage holin superfamily II	271	2465115
Selenoprotein	1140	2465115
Entericidin EcnA/B family	1499	2465115
Hok/gef family	174	2465115
Domain of unknown function	234646	2465115
Helix-turn-helix clan	463070	2465115
Zinc beta-ribbon	37446	2465115
Putative quorum-sensing-regulated virulence factor	1244	2465115
PTS HPr component phosphorylation site	6302	2465115
Plasmid toxin-antitoxin system	51616	2465115
zinc-finger binding domain of transposase IS66	24	2465115
Phosphatase superfamily	5510	2465115
YGGT family	3393	2465115
IreB regulatory phosphoprotein	1426	2465115
Cell division protein ZapA	1500	2465115
ATP synthase subunit C	9179	2465115
K-Homology (KH) domain Superfamily	9480	2465115
ACP-like superfamily	26379	2465115
OB fold	89637	2465115
BMC domain	4283	2465115
Membrane fusogenic activity	2404	2465115
TusA-like superfamily	8565	2465115
Iron-sulphur cluster assembly	2173	2465115
Bacterial export proteins	3815	2465115
TRASH superfamily	5646	2465115
2Fe-2S iron-sulfur cluster binding domain	13021	2465115
S4 domain superfamily	5837	2465115
HicA toxin of bacterial toxin-antitoxin	13243	2465115
FtsL-like superfamily	3251	2465115
BolA-like protein	4488	2465115
YjbJ-CsbD-like superfamily	11292	2465115
Flagellar hook-basal body complex protein FliE	478	2465115
Dimeric alpha/beta barrel superfamily	40681	2465115
IHF-like DNA-binding protein superfamily	19233	2465115
Glu-tRNAGln amidotransferase C subunit	6807	2465115
GroES-like superfamily	13833	2465115
Usg-like family	777	2465115
Thioredoxin-like	27005	2465115
Transcription factor WhiB	3706	2465115
Lanthionine-containing peptide SapB precursor RamS	64	2465115
Two-component-system connector protein	11	2465115
AbrB/MraZ DNA-binding domain	22469	2465115
Haemolysin XhlA	392	2465115
Photosystem I psaG / psaK	86	2465115
Ubiquitin superfamily	26054	2465115
Serine endopeptidase inhibitors	46	2465115
Nucleotidyltransferase substrate binding domain	399	2465115
PsbJ	133	2465115
Nif11 domain	622	2465115
Nucleotidyltransferase superfamily	5277	2465115
Src homology-3 domain	13443	2465115
ATP-dependent Clp protease adaptor protein ClpS	2657	2465115
RRM-like clan	4795	2465115
"Metal-bound fold, usually iron, metallothionein superfamily"	64	2465115
Septum formation topological specificity factor MinE	1733	2465115
HigB_toxin	1649	2465115
mttA/Hcf106 family	6525	2465115
Photosystem II protein Y (PsbY)	101	2465115
RelB Antitoxin alpha helical domain	198	2465115
Trypsin-co-occurring domain 2	32	2465115
Cell growth inhibitor/plasmid maintenance toxic component superfamily	1942	2465115
Pullulanase Ins domain	1	2465115
PH domain-like superfamily	873	2465115
HMA domain superfamily	9178	2465115
Predicted small integral membrane protein (DUF2160)	438	2465115
NifU C-terminal domain-like superfamily	6568	2465115
Putative excisionase (DUF1233)	76	2465115
Ribonuclease H-like superfamily	18298	2465115
Transglycosylase associated protein	7225	2465115
PC4-like superfamily	1218	2465115
RNA-DNA binding Alba-like superfamily	2098	2465115
Small	3383	2465115
SpoVG	1373	2465115
Biofilm formation stimulator VEG	516	2465115
YyzF-like protein	51	2465115
NTF2-like superfamily	1161	2465115
Metal-sensitive transcriptional repressor	7111	2465115
Flavinator of succinate dehydrogenase	2076	2465115
(Na+)-NQR maturation NqrM	313	2465115
Phage shock protein B	398	2465115
Major outer membrane lipoprotein zipper superfamily	105	2465115
Bacterial Fe(2+) trafficking	1991	2465115
Membrane bound YbgT-like protein	672	2465115
Cysteine protease Prp	262	2465115
Stage III sporulation protein AC/AD protein family	1255	2465115
Six-cysteine peptide SCIFF	1030	2465115
Exonuclease VII small subunit	9572	2465115
Rubredoxin-like	10848	2465115
SigmaK-factor processing regulatory protein BofA	427	2465115
SRP54-type protein	21	2465115
Putative Flagellin	276	2465115
Uncharacterized protein conserved in bacteria (DUF2325)	358	2465115
Putative membrane protein insertion efficiency factor	5370	2465115
Putative Se/S carrier protein-like	1291	2465115
Spore coat associated protein JA (CotJA)	452	2465115
TrbC/VirB2 pilin superfamily	2160	2465115
TSCPD domain	1674	2465115
Transcriptional repressor beta-barrel domain	10597	2465115
SecE/Sec61-gamma subunits of protein translocation complex	9010	2465115
RNA polymerase epsilon subunit	140	2465115
Preprotein translocase SecG subunit	4239	2465115
Cysteine-rich KTR	647	2465115
YabP family	1284	2465115
His Kinase A (phospho-acceptor) domain	7123	2465115
CAT RNA binding domain	43	2465115
PRC-barrel like superfamily	2930	2465115
Type III flagellar switch regulator (C-ring) FliN C-term	3580	2465115
Smr domain	3451	2465115
YbaB superfamily	1880	2465115
Stage VI sporulation protein F	172	2465115
WXG100-A/WXG100-B dimer	1550	2465115
YlbE-like protein	89	2465115
RimP N-terminal domain	106	2465115
AhpD-like superfamily	1870	2465115
ORF6N domain	146	2465115
Putative antitoxin YutD-like	90	2465115
Chorismate mutase type II	2000	2465115
CRS1 / YhbY (CRM) domain	1509	2465115
Sporulation protein Cse60	243	2465115
Polymyxin resistance protein PmrD	21	2465115
Acylphosphatase/BLUF domain-like superfamily	5148	2465115
ACT-like domain	19295	2465115
KOW domain	5804	2465115
PD-(D/E)XK nuclease superfamily	2147	2465115
Recombinase	72	2465115
Transposon-encoded protein TnpW	2548	2465115
Preprotein translocase subunit	2381	2465115
Novel toxin 21	10	2465115
GIY-YIG endonuclease superfamily	8695	2465115
Holin superfamily V	1377	2465115
CotJB protein	649	2465115
YtcA-like superfamily	1662	2465115
YdgH/BhsA/McbA-like domain	440	2465115
tRNA-binding arm superfamily	2156	2465115
Glycosyl hydrolase domain superfamily	5339	2465115
Bacterioferritin-associated ferredoxin superfamily	2923	2465115
CRISPR associated protein Cas2	2911	2465115
GlnB-like superfamily	9089	2465115
PspC domain	4054	2465115
Inner membrane component domain	604	2465115
GtrA-like protein	62	2465115
CW_7 repeat	436	2465115
Double-Glycine leader-peptide cleavage motif	101	2465115
PRD domain superfamily	100	2465115
ATP-dependent DNA helicase RecG	560	2465115
S-layer homology domain	2493	2465115
all-alpha NTP pyrophosphohydrolase superfamily	3393	2465115
LysM-like domain	5293	2465115
N-acetyltransferase like	6966	2465115
SHS2 domain	10251	2465115
Barrel sandwich hybrid superfamily	14054	2465115
Immunity protein 17	147	2465115
Double Psi beta barrel glucanase	1187	2465115
H-type lectin domain	60	2465115
Tetratrico peptide repeat superfamily	14763	2465115
Loader and inhibitor of phage G40P	32	2465115
FeoB-associated Cys-rich membrane protein	526	2465115
HupF/HypC family	4243	2465115
Uncharacterized protein conserved in bacteria (DUF2129)	126	2465115
DNA gyrase B subunit	6026	2465115
Ferritin-like Superfamily	536	2465115
Class II aaRS Anticodon-binding domain-like	2602	2465115
Sigma-54 factor	10	2465115
Flp/Fap pilin component	9404	2465115
Global regulator protein family	5570	2465115
LPXTG cell wall anchor motif	1404	2465115
PilZ domain	1530	2465115
Tryptophan-rich protein (DUF2389)	396	2465115
Malonate decarboxylase delta subunit (MdcD)	572	2465115
Shikimate 5'-dehydrogenase C-terminal domain	2455	2465115
Antirestriction protein Ral	9	2465115
YtxH-like protein	1323	2465115
MTH1187/YkoF-like superfamily	1110	2465115
SAF-like beta clip superfamily	1589	2465115
Spo0E like sporulation regulatory protein	263	2465115
YozE SAM-like fold	292	2465115
TM2 domain	1241	2465115
DinI-like family	298	2465115
Flagellar and Swarming motility proteins	1029	2465115
Helix-hairpin-helix superfamily	12084	2465115
ATP synthase	3285	2465115
Phospholipase_D-nuclease N-terminal	1058	2465115
Putative F0F1-ATPase subunit Ca2+/Mg2+ transporter	3186	2465115
His-Me finger endonuclease superfamily	4205	2465115
Uncharacterized conserved protein (DUF2277)	5064	2465115
Pterin 4 alpha carbinolamine dehydratase	3452	2465115
yiaA/B two helix domain	399	2465115
Acyl-CoA carboxylase epsilon subunit	346	2465115
Tudor domain 'Royal family'	4026	2465115
Phosphoribosylformylglycinamidine (FGAM) synthase	7596	2465115
Alternative ribosome-rescue factor A	144	2465115
Ribosome modulation factor	143	2465115
Phage tail assembly chaperone	547	2465115
Heme exporter protein D (CcmD)	1656	2465115
NADH-dependant formate dehydrogenase delta subunit FdsD	1108	2465115
Phenylacetic acid degradation B	1067	2465115
FKBP-like superfamily	6647	2465115
Putative addiction module component	6586	2465115
tRNA pseudouridine synthase C	9	2465115
Membrane transport protein MerF	222	2465115
Tautomerase/MIF superfamily	6888	2465115
SHOCT superfamily	7274	2465115
Lipo-protein attachment motif superfamily	554	2465115
Conjugal transfer protein TraD	403	2465115
KTSC domain	2350	2465115
YdfZ protein	28	2465115
1-carboxybiuret hydrolase subunit AtzG-like	576	2465115
Cupin fold	14523	2465115
Haemolysin expression modulating protein	106	2465115
Regulatory phage protein cox	32	2465115
Bacteriophage 186	50	2465115
YaiA protein	33	2465115
PPE-PPW subfamily C-terminal region	7	2465115
Putative holin	20	2465115
Uncharacterized protein conserved in bacteria (DUF2218)	284	2465115
CTX phage RstB protein	4	2465115
TraL protein	157	2465115
SlyX	1701	2465115
YccJ-like protein	37	2465115
Uncharacterized conserved protein (DUF2164)	753	2465115
Lysozyme inhibitor LprI	96	2465115
Elongation factor Tu C-terminal domain	2473	2465115
PAAR motif	1772	2465115
Type III secretion system domain superfamily	111	2465115
Iron-binding zinc finger CDGSH type	2900	2465115
Small integral membrane protein (DUF2273)	123	2465115
MT0933-like antitoxin protein	522	2465115
Pup-like protein	1113	2465115
Rv2632c-like	334	2465115
Cytochrome oxidase maturation protein cbb3-type	2371	2465115
Immunity protein 31	12	2465115
Two-component Enterococcus faecalis cytolysin (EFC)	6	2465115
Post-transcriptional regulator	53	2465115
PqqA family	591	2465115
Enterocin A Immunity	118	2465115
Bacteriocin-protection	2017	2465115
Toxin PAAR-like domain	40	2465115
Host-nuclease inhibitor protein Gam	4	2465115
Antenna complex alpha/beta subunit	681	2465115
Glycine-zipper TM superfamily	934	2465115
MbtH-like protein	1186	2465115
Uncharacterized small protein (DUF2292)	649	2465115
IS66 C-terminal element	4442	2465115
MBD-like DNA-binding domain	529	2465115
NVEALA protein	421	2465115
YlzJ-like protein	80	2465115
Probable sporulation protein (Bac_small_yrzI)	18	2465115
Multiple resistance and pH regulation protein F (MrpF / PhaF)	2638	2465115
Periplasmic nitrate reductase protein NapE	270	2465115
Killing trait	149	2465115
Probable cobalt transporter subunit (CbtB)	988	2465115
YnbE-like lipoprotein	484	2465115
YfcL protein	89	2465115
subdomain	447	2465115
PepSY domain-like superfamily	1805	2465115
Metal binding domain of Ada	138	2465115
SPP1 phage holin	505	2465115
Bacterial toxin 50	10	2465115
YcgL domain	403	2465115
PUA/ASCH superfamily	2246	2465115
Prokaryotic N-terminal methylation motif	258	2465115
Cold-inducible protein YdjO	27	2465115
Putative motility protein	351	2465115
DicB protein	27	2465115
Bacteriophage lambda Kil protein	12	2465115
Bacteriophage P22	11	2465115
YSIRK type signal peptide	70	2465115
Type IV secretory pathway	973	2465115
Cysteine-rich CWC	312	2465115
Putative 3TM holin	83	2465115
Phage P2 GpE	50	2465115
gpW	132	2465115
Pyocin activator protein PrtN	198	2465115
Photosystem II reaction centre X protein (PsbX)	94	2465115
Hypothetical chloroplast protein Ycf34	59	2465115
AAA+ ATPase lid domain superfamily	10474	2465115
Phycobilisome degradation protein nblA	130	2465115
Photosystem II reaction centre N protein (psbN)	366	2465115
Photosystem I protein M (PsaM)	52	2465115
Electron transport accessory protein superfamily	154	2465115
Photosystem I reaction centre subunit VIII	48	2465115
"MtN3-like, vesicle-trafficking cargo-receptors"	2586	2465115
Predicted membrane protein (DUF2061)	2025	2465115
LcrG protein	9	2465115
Putative 2/3 transmembrane domain holin	10	2465115
HdeA/HdeB family	347	2465115
Oxaloacetate decarboxylase	621	2465115
Colicin immunity protein / pyocin immunity protein	75	2465115
Pyridoxine 5'-phosphate oxidase C-terminal dimerisation region	702	2465115
Phage Conserved Open Reading Frame 51	8	2465115
Toxin SymE	382	2465115
YueH-like protein	24	2465115
Hexapeptide repeat superfamily	6238	2465115
YqbG-like superfamily	348	2465115
Cell division protein CrgA	665	2465115
Biofilm development protein YmgB/AriR	93	2465115
DNA polymerase III	165	2465115
Cellulose biosynthesis protein BcsR	41	2465115
SMAD/FHA domain superfamily	2765	2465115
BRCT like	2698	2465115
Ring-finger/U-box superfamily	2105	2465115
Gas vesicle protein	1195	2465115
RNA polymerase-binding protein	62	2465115
Transthyretin superfamily	1820	2465115
ChpA-C	121	2465115
STAS domain superfamily	3591	2465115
phosphotransferase system	523	2465115
D-Ala-teichoic acid biosynthesis protein	80	2465115
Small acid-soluble spore protein O family	17	2465115
YrhC-like protein	12	2465115
Spore germination GerPB	14	2465115
Phenol-soluble modulin beta protein	41	2465115
IDEAL domain	70	2465115
Uncharacterized protein conserved in bacteria (DUF2198)	33	2465115
Phage tail beta-barrel superfamily	36	2465115
DsrEFH-like superfamily	584	2465115
YobH-like protein	43	2465115
ChaB	722	2465115
Hemin uptake protein hemP	785	2465115
Phage shock protein PspD (Phageshock_PspD)	37	2465115
Proteolipid membrane potential modulator	1028	2465115
WGR domain	422	2465115
DDE_Tnp_1-associated	59	2465115
N-(deoxy)ribosyltransferase-like superfamily	439	2465115
Cbb3-type cytochrome oxidase component FixQ	1732	2465115
Cobalt transport protein component CbiN	82	2465115
CRISPR-associated protein (Cas_Cas2CT1978)	227	2465115
Bacterial self-protective colicin-like immunity	42	2465115
Lambda Phage CIII	15	2465115
NTF2 fold immunity protein	39	2465115
PerC transcriptional activator	28	2465115
Anti-sigma-28 factor	771	2465115
Cysteine-rich CPXCG	1572	2465115
Putative Holin-like Toxin (Hol-Tox)	77	2465115
Photosystem II reaction centre T protein	38	2465115
LysE transporter superfamily	1085	2465115
Photosystem II reaction centre I protein (PSII 4.8 kDa protein)	46	2465115
PetM family of cytochrome b6f complex subunit 7	98	2465115
YCF9	150	2465115
PLC-like phosphodiesterases	1353	2465115
DUF1304/DUF3784 clan	143	2465115
Bacteriocin (Lactococcin_972)	51	2465115
YgaC/TfoX-N like superfamily	1618	2465115
DpnD/PcfM-like protein	644	2465115
Choline binding repeat superfamily	797	2465115
ANTAR domain	2370	2465115
AbrB C-terminal domain	94	2465115
Staphylococcal AgrD protein	13	2465115
Phage-like element PBSX protein XtrA	28	2465115
Antitoxin SpoIISB	4	2465115
YvrJ protein family	365	2465115
Late competence development protein ComFB	345	2465115
YycC-like protein	32	2465115
YhzD-like protein	39	2465115
Fur-regulated basic protein B	30	2465115
Small acid-soluble spore protein N family	8	2465115
Fur-regulated basic protein A	18	2465115
Anti-sigma-F factor Fin	37	2465115
Type III secretion system	16	2465115
Uncharacterized protein conserved in bacteria (DUF2197)	37	2465115
Transcriptional activator RinB	94	2465115
Replication initiation and membrane attachment	101	2465115
Fumarase C C-terminus	5460	2465115
TolA/TonB C-terminal	5471	2465115
Transcriptional regulator protein (SplA)	19	2465115
WYL-like superfamily	1304	2465115
Bor protein	154	2465115
Predicted integral membrane protein (DUF2282)	1283	2465115
Iron-sulfur binding domain of endonuclease III	890	2465115
TrkA C-terminal domain-like	3024	2465115
"N-terminal, cytoplasmic domain of anti-sigma factor superfamily"	4127	2465115
Prokaryotic diacylglycerol kinase	105	2465115
Barstar (barnase inhibitor)	801	2465115
FMN-binding domain	852	2465115
PTS system	100	2465115
IS66 Orf2 like protein	1272	2465115
AMP-binding enzyme C-terminal domain superfamily	11264	2465115
Photosystem II reaction centre M protein (PsbM)	50	2465115
LEM/SAP HeH motif	614	2465115
Sarcosine oxidase	1412	2465115
YebG protein	85	2465115
Pas factor saposin fold	10	2465115
DNA-binding protein VF530	1387	2465115
Uncharacterized protein conserved in bacteria (DUF2065)	2010	2465115
"TetR protein, C-terminal domain-like"	441	2465115
Phage regulatory protein Rha (Phage_pRha)	15	2465115
Uncharacterized protein conserved in bacteria (DUF2087)	501	2465115
GnsA/GnsB toxin of bacterial toxin-antitoxin system	7	2465115
EF-hand like superfamily	2817	2465115
Phage minor tail protein	20	2465115
NETI protein	43	2465115
Endoribonuclease GhoS	36	2465115
Multidrug efflux pump-associated protein AcrZ	44	2465115
P-loop containing nucleoside triphosphate hydrolase superfamily	34796	2465115
Phage holin family 2	45	2465115
Histone superfamily	719	2465115
Nucleolar RNA-binding protein	157	2465115
Sec61beta family	489	2465115
RBP11-like subunits of RNA polymerase	429	2465115
Tetrahydromethanopterin S-methyltransferase	88	2465115
Hexameric tyrosine-coordinated heme protein (HTHP)	240	2465115
Pilus subunit	286	2465115
Rod binding protein	354	2465115
Uncharacterized protein conserved in bacteria (DUF2188)	1788	2465115
Transposase DNA-binding	44	2465115
Uncharacterized protein conserved in bacteria (DUF2093)	1260	2465115
Phenol hydroxylase subunit	81	2465115
Uncharacterized protein conserved in bacteria (DUF2312)	1947	2465115
Yip1/YIF1-like	14	2465115
CO dehydrogenase accessory protein CooT	925	2465115
Mobile element transfer protein	33	2465115
OAA-family lectin sugar binding domain	5	2465115
Conjugative transfer region protein TrbK	68	2465115
FERM middle domain superfamily	871	2465115
Anti-sigma factor NepR	999	2465115
MmoB/DmpM family	222	2465115
4TM region of pyridine nucleotide transhydrogenase	3424	2465115
Bacterial aa3 type cytochrome c oxidase subunit IV	522	2465115
Uncharacterized small protein (DUF2158)	398	2465115
DAHP synthase ferredoxin-like domain	52	2465115
Multiheme cytochrome superfamily	567	2465115
Prokaryotic Cytochrome C oxidase subunit IV	1049	2465115
PDGLE domain	162	2465115
SWIB/MDM2 domain	2470	2465115
Cyd operon protein YbgE (Cyd_oper_YbgE)	85	2465115
NADH-ubiquinone/plastoquinone oxidoreductase chain 4L	3409	2465115
"Type III secretion system-derived superfamily, hook-related"	1242	2465115
DNA-A N-terminal domain-like superfamily	160	2465115
Uncharacterized conserved protein (DUF2196)	1534	2465115
Stage V sporulation protein family	4	2465115
Cytochrome c oxidase subunit IIa family	17	2465115
Inhibitor of sigma-G Gin	52	2465115
CheY-like superfamily	1031	2465115
Low psii accumulation1 / Rep27	45	2465115
NADH dehydrogenase transmembrane subunit	45	2465115
Small acid-soluble spore protein H family	79	2465115
SEC-C motif	3143	2465115
Na+/H+ antiporter subunit	395	2465115
Hypoxia induced protein conserved region	1018	2465115
F subunit of K+-transporting ATPase (Potass_KdpF)	529	2465115
Rop-like	220	2465115
Beta-tent fold	1477	2465115
YuzL-like protein	19	2465115
Branched-chain amino acid transport protein (AzlD)	495	2465115
Transcriptional activator HlyU	278	2465115
Protein of unknwon function (DUF3008)	522	2465115
Gas vesicle protein K	266	2465115
Urease	380	2465115
YrhK-like protein	83	2465115
ParB-like superfamily	209	2465115
Inovirus (filamentous phage) major coat protein	33	2465115
Cytochrome c superfamily	6081	2465115
Putative toxin of bacterial toxin-antitoxin pair	153	2465115
Sporulation protein YtrH	1	2465115
Agrobacterium tumefaciens protein Atu4866	67	2465115
YhfH-like protein	35	2465115
CI-2 family of serine protease inhibitors	185	2465115
Excalibur calcium-binding domain	352	2465115
Sigma-S stabilisation anti-adaptor protein	43	2465115
Toxin GhoT_OrtT	31	2465115
Putative zinc- or iron-chelating domain	326	2465115
Putative zinc ribbon domain	890	2465115
Tryptophan RNA-binding attenuator protein	134	2465115
MBH	751	2465115
TRL-like protein family	172	2465115
AIG2/ChaC-like superfamily	157	2465115
Phage antirepressor protein KilAC domain	145	2465115
YebO-like protein	49	2465115
Phage shock protein G (Phageshock_PspG)	72	2465115
Rop protein	93	2465115
SPW repeat	138	2465115
Lysozyme-like superfamily	465	2465115
YozD-like protein	16	2465115
Small acid-soluble spore protein P family	21	2465115
Uncharacterized YkpC-like	1	2465115
Spore germination protein gerPA/gerPF	48	2465115
YvfG protein	5	2465115
YesK-like protein	15	2465115
Small acid-soluble spore protein K family	9	2465115
YpzG-like protein	11	2465115
Iron-sulphur cluster biosynthesis	754	2465115
Putative transposon-transfer assisting protein	2311	2465115
Superinfection immunity protein	486	2465115
Arginine repressor	1104	2465115
BON domain	2769	2465115
YqzM-like protein	32	2465115
NifT/FixU protein	238	2465115
Type III secretion needle MxiH	43	2465115
YqjK-like protein	132	2465115
2TM domain	526	2465115
Inhibitor of glucose uptake transporter SgrT	8	2465115
BssS protein family	45	2465115
TraC-like protein	52	2465115
Cloacin immunity protein	17	2465115
Cellulose biosynthesis protein BcsF	24	2465115
Glycogen synthesis protein	20	2465115
Uncharacterized ArCR	197	2465115
UBA superfamily	2265	2465115
TilS substrate binding domain	42	2465115
RNA polymerases N / 8 kDa subunit	725	2465115
Non-histone chromosomal protein MC1	76	2465115
MJ1316 RNA cyclic group end recognition domain	218	2465115
Predicted membrane protein (DUF2107)	22	2465115
RNA polymerase Rpb5	506	2465115
EF-1 guanine nucleotide exchange domain	543	2465115
Translation initiation factor SUI1	799	2465115
MTH865-like family	95	2465115
Glutamyl-tRNAGlu reductase	225	2465115
ATP cone domain	414	2465115
Pseudouridine synthase superfamily	252	2465115
AF2212-like	463	2465115
ATP synthase (F/14-kDa) subunit	257	2465115
Class III signal peptide	41	2465115
EMC6	18	2465115
Predicted membrane protein (DUF2108)	30	2465115
Tetrahydromethanopterin S-methyltransferase subunit B	20	2465115
FUN14 family	31	2465115
Transcription factor Pcc1	396	2465115
Phage coat superfamily	6	2465115
N-terminal region of 4Fe-4S ferredoxin iron-sulfur binding	4	2465115
Halobacterial output domain 1	103	2465115
RNAse P Rpr2/Rpp21/SNM1 subunit domain	74	2465115
Amphi-Trp domain	231	2465115
Translation proteins of Elongation Factors superfamily	1247	2465115
Putative transposon-encoded protein (DUF2080)	325	2465115
Chromatin protein Cren7	28	2465115
Pyrimidine dimer DNA glycosylase	10	2465115
Uncharacterized protein conserved in archaea (DUF2097)	4	2465115
Energy-converting hydrogenase B subunit P (EhbP)	7	2465115
Pseudomurein-binding repeat	67	2465115
Predicted membrane protein (DUF2109)	20	2465115
Cytochrome b5-like Heme/Steroid binding domain	393	2465115
Pentapeptide repeat	1027	2465115
HSP20-like chaperone superfamily	2267	2465115
Halobacterial output domain 2	6	2465115
Uncharacterized protein conserved in archaea (DUF2098)	32	2465115
Flagella basal body rod protein	46	2465115
Hydrophilin-like superfamily	855	2465115
Galactose-binding domain-like superfamily	203	2465115
HIT superfamily	383	2465115
Antirepressor AbbA	6	2465115
YppF-like protein	9	2465115
Uncharacterized YrzK-like	3	2465115
DegQ (SacQ) family	1	2465115
Gallidermin	4	2465115
Rap-phr extracellular signalling	1	2465115
WVELL protein	21	2465115
Uncharacterized YhdX-like	3	2465115
ComZ	9	2465115
Zinc-finger	29	2465115
Putative Competence protein ComGF	9	2465115
Hypothetical protein Yqai	7	2465115
Small spore protein J (Spore_SspJ)	3	2465115
Glycosyl hydrolase family 65	357	2465115
MerE protein	29	2465115
Protein of unknwon function (DUF3310)	7173	2465115
Photosystem II complex subunit Ycf12	58	2465115
Cytochrome b559	165	2465115
CP12 domain	393	2465115
Drug/Metabolite transporter superfamily	3734	2465115
YfhD-like protein	12	2465115
YpzI-like protein	14	2465115
Sporulation inhibitor A	25	2465115
Photosystem II 10 kDa phosphoprotein	156	2465115
Maltose acetyltransferase	95	2465115
DoxD-like	59	2465115
SepZ	6	2465115
PASTA domain	1686	2465115
Delta lysin family	1	2465115
PsbL protein	39	2465115
HAD superfamily	4876	2465115
Dextransucrase DSRB	42	2465115
YjbD family (DUF3811)	32	2465115
WXXGXW repeat (2 copies)	47	2465115
DNA-directed RNA polymerase subunit beta	74	2465115
Pathogenicity island protein gp6 in Staphylococcus	1	2465115
Predicted metal-binding protein (DUF2103)	95	2465115
H-NS histone family	281	2465115
Uncharacterized conserved protein (DUF2285)	74	2465115
Gamma-butyrobetaine hydroxylase-like	218	2465115
Cyanobacterial and plant NDH-1 subunit O	94	2465115
KH-domain-like of EngA bacterial GTPase enzymes	1776	2465115
Prophage protein (DUF1660)	37	2465115
FAD/NAD(P)-binding Rossmann fold Superfamily	1974	2465115
Interferon-induced transmembrane protein	227	2465115
PufQ cytochrome subunit	15	2465115
psiF repeat	342	2465115
CdiI immunity protein	77	2465115
Metallo-hydrolase/oxidoreductase superfamily	217	2465115
Phosphoglucomutase/phosphomannomutase	2992	2465115
Peptidase clan CA	508	2465115
SPOR domain	1800	2465115
Leader peptide SpeFL	2	2465115
Putative transposase of IS4/5 family (DUF4096)	457	2465115
BhlA holin family	167	2465115
Photosystem I reaction centre subunit IX / PsaJ	74	2465115
Photosystem II 4 kDa reaction centre component	106	2465115
Bacillus cereus group antimicrobial protein	5	2465115
YqzL-like protein	41	2465115
Spore morphogenesis and germination YwcE	3	2465115
Radical_SAM C-terminal domain	282	2465115
Phage related hypothetical protein (DUF1799)	201	2465115
Bacteriochlorophyll C binding protein	13	2465115
PHB/PHA accumulation regulator DNA-binding domain	110	2465115
Chaperone J-domain superfamily	1475	2465115
MarB protein	18	2465115
Sigma-70 factor	67	2465115
Lipopolysaccharide assembly protein A domain	727	2465115
Ankyrin repeat superfamily	2479	2465115
Antitoxin Xre/MbcA/ParS C-terminal toxin-binding domain	1055	2465115
Minor curli fiber component A	7	2465115
Baseplate wedge protein gp25	140	2465115
YlaH-like protein	8	2465115
Mother cell inhibitor of FtsZ	9	2465115
YjzC-like protein	163	2465115
Cysteine-rich small domain	374	2465115
Benzylsuccinate synthase beta subunit	4	2465115
HotDog superfamily	2913	2465115
Cytochrome B6-F complex subunit 5	53	2465115
MgrB protein	6	2465115
Putative prophage tail fibre C-terminus	12	2465115
CDP-alcohol phosphatidyltransferase	30	2465115
CHY zinc finger	9	2465115
Nucleotide modification associated domain 4	169	2465115
HP0268	69	2465115
Flagellar protein FliT	91	2465115
Bacteriophage holin	1363	2465115
Homing endonuclease associated repeat	219	2465115
Cysteine-rich CPCC	149	2465115
Uncharacterized protein conserved in bacteria (DUF2187)	59	2465115
Antitoxin MazE-like	659	2465115
RyR domain	498	2465115
Virulence factor	381	2465115
SWIM zinc finger	73	2465115
Nucleotide modification associated domain 1	1102	2465115
Virulence promoting factor	2	2465115
Flagellar basal body rod FlgEFG protein C-terminal	1709	2465115
Endosomal/lysosomal potassium channel TMEM175	23	2465115
Tellurits and antibiotic resistance superfamily	9	2465115
Immunity protein 59	7	2465115
HipA N-terminal domain	60	2465115
Domain of unknonw function from B. Theta Gene description (DUF3874)	193	2465115
Class II bacteriocin	21	2465115
Nitrous oxide-stimulated promoter	166	2465115
Immunity protein 27	35	2465115
Putative phage holin Dp-1	1390	2465115
Multicopper oxidase-like domain	1884	2465115
YhdB-like protein	13	2465115
SPOUT Methyltransferase Superfamily	52	2465115
Bacteriocin class IIc cyclic gassericin A-like	2	2465115
Accessory secretory protein Sec Asp4	18	2465115
Formyl transferase	324	2465115
B12 binding domain	4	2465115
Clp amino terminal domain	257	2465115
High potential iron-sulfur protein	160	2465115
Toxin Ldr	16	2465115
23S rRNA-intervening sequence protein	139	2465115
Putative methionine and alanine importer	7	2465115
6-phosphogluconate dehydrogenase C-terminal-like superfamily	3269	2465115
FhuF 2Fe-2S C-terminal domain	21	2465115
Transcription elongation factor G C-terminal	5933	2465115
Membrane-bound lysozyme-inhibitor of c-type lysozyme	112	2465115
Putative lactococcus lactis phage r1t holin	962	2465115
Bacteriocin subtilosin A	5	2465115
YorP protein	3	2465115
Uncharacterized YqaH-like	12	2465115
Uncharacterized YnfE-like	3	2465115
YqzH-like protein	5	2465115
Tryptophan RNA-binding attenuator protein inhibitory protein	24	2465115
YqzE-like protein	20	2465115
Calycin superfamily	312	2465115
Lumenal portion of Cytochrome b559	113	2465115
Nickel/cobalt transporter regulator	180	2465115
YonK protein	26	2465115
Putative CRISPR-associated protein (Cas_VVA1548)	44	2465115
Bacillus competence pheromone ComX	13	2465115
MAP domain	1	2465115
Mo-dependent nitrogenase C-terminus	35	2465115
3-alpha domain	211	2465115
CpcD/allophycocyanin linker domain	82	2465115
Peptidase clan SF	201	2465115
CBS domain	10591	2465115
HrpF protein	11	2465115
YfzA-like protein	3	2465115
YgaB-like protein	7	2465115
Gas vesicle synthesis protein GvpO	120	2465115
Copper resistance protein K	44	2465115
Transposase domain (DUF772)	169	2465115
Polyribonucleotide phosphorylase C terminal	4	2465115
CbeA_antitoxin	17	2465115
CbtA_toxin of type IV toxin-antitoxin system	6	2465115
ribonuclease	161	2465115
Ribosomal protein S5 domain 2-like superfamily	155	2465115
C-terminal region of band_7	528	2465115
Oxidoreductase-like protein	104	2465115
Caulimovirus viroplasmin	51	2465115
Twin-Arginine Translocation Motif	55	2465115
Protein CHLORORESPIRATORY REDUCTION 7	50	2465115
DCC1-like thiol-disulfide oxidoreductase	30	2465115
PsaX family	25	2465115
XisI protein	12	2465115
Toxin co-regulated pilus biosynthesis protein Q	19	2465115
Membrane-integrating protein Mistic	5	2465115
Conjugal transfer protein TrbE	18	2465115
Endodeoxyribonuclease RusA	50	2465115
NINE Protein	8	2465115
Putative nuclease YbcO	235	2465115
Large polyvalent protein-associated domain 11	132	2465115
AntA/AntB antirepressor	16	2465115
YsaB-like lipoprotein	10	2465115
Immunity protein 35	32	2465115
Type II secretory pathway pseudopilin	65	2465115
Phosphate propanoyltransferase	483	2465115
NFACT protein RNA binding domain	27	2465115
Ion channel (VIC) superfamily	364	2465115
YjgF-like superfamily	477	2465115
MbeD/MobD like	46	2465115
HYD1 signature containing ADP-ribosyltransferase	3	2465115
Plasmid conjugative transfer protein PilI	3	2465115
Enolase N-terminal domain-like superfamily	1	2465115
Glycosyl transferase family	18	2465115
Accessory secretory protein Sec	17	2465115
Tsi6	12	2465115
Minor tail protein T	12	2465115
Homologues of TraJ from Bacteroides conjugative transposon	113	2465115
"Glutathione S-transferase, C-terminal domain"	2401	2465115
FAD/NAD-linked reductase C-terminal domain superfamily	1243	2465115
PVL ORF-50-like family	4	2465115
Adenylate kinase	458	2465115
CtsR C-terminal dimerization domain	115	2465115
Primase C terminal 1 (PriCT-1)	82	2465115
Adenylosuccinate lyase C-terminus	1598	2465115
Rieske-like iron-sulphur domain	817	2465115
PGBD superfamily	3521	2465115
Prokaryotic Transcriptional repressor TraM	3	2465115
Phage head-tail joining protein	125	2465115
3'DNA-binding domain (3'BD)	3	2465115
Sporulation protein YhaL	12	2465115
LasR-specific antiactivator QslA chain E	5	2465115
lambda integrase N-terminal domain	335	2465115
MoeA C-terminal region (domain IV)	1194	2465115
EsV-1-7 cysteine-rich motif	6	2465115
Putative membrane protein	14	2465115
Fucose-binding lectin II (PA-IIL)	1	2465115
Methanol dehydrogenase beta subunit	19	2465115
Uncharacterized YmpT-like	3	2465115
Phage protein (N4 Gp49/phage Sf6 gene 66) family	155	2465115
ADP-ribosylation Superfamily	71	2465115
Outer membrane beta-barrel protein superfamily	145	2465115
Tetraspannin-like	1	2465115
Exopolysaccharide production protein YjbE	5	2465115
Scaffold protein Nfu/NifU N terminal	190	2465115
NADH dehydrogenase ubiquinone Fe-S protein 4	327	2465115
High potential iron-sulfur protein like	21	2465115
4-Hydroxyphenylacetate decarboxylase subunit gamma N-terminal	26	2465115
Putative coat protein	2	2465115
YARHG domain	89	2465115
YtpI-like protein	7	2465115
YtzH-like protein	12	2465115
Aureocin-like type II bacteriocin	1	2465115
Bacteriocin class IId cyclical uberolysin-like	2	2465115
Hpt domain	524	2465115
Peptidase clan U	691	2465115
Immunity protein 32	20	2465115
Binding-prot-dependent transport system membrane comp	6	2465115
Type III secretion system ExsE	3	2465115
Sigma-M inhibitor	3	2465115
Glycosyl transferase clan GT-B	3098	2465115
3' exoribonuclease family	1439	2465115
Lipoprotein Rz1 precursor	9	2465115
M penetrans paralogue family 26	23	2465115
Cell division protein SepF	931	2465115
Asp23 family	128	2465115
Type II secretion prepilin peptidase dependent protein C	9	2465115
Uncharacterized conserved protein (DUF2149)	124	2465115
Transposase C of IS166 homeodomain	13	2465115
Helicase associated domain	629	2465115
Carbohydrate-binding superfamily	20	2465115
OsmC-like protein	2021	2465115
Phosphoribosyl-AMP cyclohydrolase	811	2465115
Alcohol dehydrogenase GroES-associated	59	2465115
Replication initiator protein A C-terminal domain	12	2465115
Scorpion toxin-like knottin superfamily	22	2465115
NUDIX superfamily	93	2465115
Haemolysin-type calcium binding protein related domain	15	2465115
PXPV repeat (3 copies)	4	2465115
Cyclophilin-like superfamily	51	2465115
Extended Signal Peptide of Type V secretion system	26	2465115
Polysaccharide lyase family 8	8	2465115
PhoU-like superfamily	1069	2465115
Putative Gamma DNA binding protein G5P	1	2465115
Poly(hydroxyalcanoate) granule associated protein (phasin)	14	2465115
Bacterial CdiA-CT RNAse A domain	9	2465115
Fic/DOC family	49	2465115
PPE-SVP subfamily C-terminal region	1	2465115
Phage terminase	139	2465115
Initiation control protein YabA	21	2465115
Mycobacterium 19 kDa lipoprotein antigen	2	2465115
Toxin of toxin-antitoxin type 1 system	18	2465115
Minor capsid protein	43	2465115
Cyanate lyase C-terminal domain	682	2465115
KxYKxGKxW signal peptide	8	2465115
Bacterial enterotoxin OB-fold	25	2465115
Fels-1 Prophage Protein-like	4	2465115
Bacterial flagellin C-terminal helical region	2159	2465115
RNA polymerase Rpb2	3852	2465115
Aspartate carbamoyltransferase regulatory chain	458	2465115
Immunity protein 51	10	2465115
"His-hydrophobic-His tranposase Y1,Y2 superfamily"	44	2465115
Urease beta subunit	64	2465115
Uncharacterized protein conserved in bacteria (DUF2059)	249	2465115
Beta propeller clan	8436	2465115
Inovirus G7P protein	3	2465115
DSRM-like clan	1119	2465115
Conjugative transposon protein TraL	308	2465115
YfhE-like protein	3	2465115
HIRAN domain	113	2465115
Flagellar hook capping protein - N-terminal region	70	2465115
Anti sigma-E protein RseA	23	2465115
Flagellar biosynthesis protein	77	2465115
Thrombospondin type 3 repeat superfamily	123	2465115
DNA gyrase C-terminal domain	3442	2465115
SR1 protein	13	2465115
SufE/NifU superfamily	920	2465115
Phospholipase D superfamily	721	2465115
Formate dehydrogenase N	223	2465115
Iron/manganese superoxide dismutases	210	2465115
Glutamine synthetase	10	2465115
Antirestriction protein	52	2465115
MucB/RseB C-terminal domain	42	2465115
Acetyl-decarboxylase like superfamily	450	2465115
Mu-like prophage FluMu N-terminal domain	19	2465115
Peptidase clan AD	1	2465115
EDD superfamily	4	2465115
Ferredoxin-fold anticodon binding domain	1144	2465115
SdpI/YfhL protein family	235	2465115
YbjQ-like superfamily	559	2465115
Type-F conjugative transfer system pilin chaperone (TraQ)	10	2465115
Bacterial toxin 37	3	2465115
N-terminal TM domain of oligopeptide transport permease C	9	2465115
Maltoporin periplasmic N-terminal extension	2	2465115
T3SS EscN ATPase C-terminal domain	440	2465115
Catalase-related immune-responsive	194	2465115
RHS protein	14	2465115
Post-HMGL domain-like superfamily	591	2465115
Pyruvate kinase	222	2465115
Molybdopterin oxidoreductase N-terminal domain	3	2465115
Ribonuclease J C-terminal domain	646	2465115
Uncharacterized conserved protein (DUF2190)	13	2465115
Exopolysaccharide production repressor	9	2465115
Transporter associated domain	2085	2465115
Toxin TisB	1	2465115
Phage fibre superfamily	11	2465115
MerT mercuric transport protein	12	2465115
Holin superfamily III	70	2465115
Immunoglobulin superfamily	48	2465115
Dimerisation domain of Zinc Transporter	938	2465115
Phage virion morphogenesis superfamily	2097	2465115
"F-type and N-type ATPase, I/AtpR subunit"	70	2465115
Bacterial toxin 35	10	2465115
TubC N-terminal docking domain	22	2465115
PrcB C-terminal	103	2465115
YoaP-like	387	2465115
Translation initiation factor IF-3	1268	2465115
SMF/DprA-LOG (SLOG)	21	2465115
Cell Wall Hydrolase	355	2465115
Glycine cleavage T-protein C-terminal barrel domain	3039	2465115
Arginine decarboxylase C-terminal helical extension	1522	2465115
Pectate lyase-like beta helix	512	2465115
HRDC-like superfamily	1025	2465115
ThiC-associated domain	3	2465115
Mirror Beta Grasp superfamily	11	2465115
Flagellar transcriptional activator (FlhD)	39	2465115
Major tropism determinant N-terminal domain	233	2465115
Peptidase family U32 C-terminal domain	311	2465115
GHMP C-terminal domain superfamily	583	2465115
Peptidase MD	537	2465115
Phasin protein	196	2465115
P22_AR N-terminal domain	1	2465115
Formamidopyrimidine-DNA glycosylase N-terminal domain	1	2465115
SeqA protein C-terminal domain	9	2465115
Phosphate regulon sensor protein PhoR	1	2465115
Udp N-acetylglucosamine O-acyltransferase; Domain 2	1080	2465115
KaiA/RbsU domain superfamily	35	2465115
ANL superfamily	9	2465115
cIII protein family	2	2465115
Late transcription unit B	1	2465115
Phospholipase A2 superfamily	5	2465115
Methanogenesis regulatory protein FilR1	6	2465115
N-acetylmuramoyl-L-alanine amidase	307	2465115
WG containing repeat	348	2465115
B region of SasG biofilm-forming surface protein	31	2465115
Heat-stable enterotoxin ST	2	2465115
Porphobilinogen deaminase	553	2465115
ABC transporter C-terminal domain	1302	2465115
UDP-N-acetylenolpyruvoylglucosamine reductase	477	2465115
BRO family	57	2465115
Jag N-terminus	28	2465115
Plectrovirus spv1-c74 ORF 12 transmembrane protein	2	2465115
Bacterial immunoglobulin/albumin-binding domain superfamily	5	2465115
Extracellular fibrinogen binding protein C terminal	1	2465115
VOC superfamily	369	2465115
CcmD family protein	132	2465115
C-terminal domain of 1-Cys peroxiredoxin	3334	2465115
Outer-membrane lipoprotein Wza C-terminal domain	39	2465115
ORF11CD3 domain	15	2465115
Lysis protein	1	2465115
PKHD-type hydroxylase C-terminal domain	677	2465115
BPD transporter like	1554	2465115
PDZ domain-like peptide-binding superfamily	5846	2465115
OmpA family	1000	2465115
Topoisomerase C-terminal repeat	518	2465115
Thiolase-like Superfamily	2065	2465115
GMP synthase C terminal domain	3679	2465115
Fumarate reductase respiratory complex transmembrane subunits	43	2465115
Membrane MotB of proton-channel complex MotA/MotB	6	2465115
"PapD-like superfamily,immunoglobulin-like beta sandwich"	139	2465115
YecR-like lipoprotein	11	2465115
DnaJ homologue	18	2465115
Putative biofilm-dependent modulation protein	3	2465115
Peptidase clan AA	277	2465115
Immunity protein 40	9	2465115
FixH-like	60	2465115
SCP-2 sterol transfer superfamily	356	2465115
Hemimethylated DNA-binding protein YccV like	145	2465115
LrgA family	35	2465115
Npun R1517	11	2465115
Protealysin propeptide	2	2465115
Biotin and Thiamin Synthesis associated domain	570	2465115
Dehydratase medium subunit	3	2465115
Antitermination protein	3	2465115
Glycine transporter	21	2465115
"HUP - HIGH-signature proteins, UspA, and PP-ATPase."	678	2465115
R3H domain	1540	2465115
APC superfamily	1068	2465115
Primosomal protein DnaI N-terminus	1	2465115
Bacteriophage holin of superfamily 6 (Holin_LLH)	72	2465115
L1 transposable element dsRBD-like domain	4	2465115
Phenylalanine- and lysidine-tRNA synthetase domain superfamily	393	2465115
Putative transmembrane protein (PGPGW)	544	2465115
Oligopeptide/dipeptide transporter	1800	2465115
Phage conserved hypothetical protein BR0599	28	2465115
MOSC domain	130	2465115
Universal stress protein B (UspB)	5	2465115
Anabaena sensory rhodopsin transducer	14	2465115
PAS domain clan	163	2465115
Immunity protein 53	51	2465115
Immunity protein 74	63	2465115
Frataxin-like domain	26	2465115
Mu transposase	25	2465115
Domain amino terminal to FKBP-type peptidyl-prolyl isomerase	2	2465115
Riboflavin synthase/Ferredoxin reductase FAD binding domain	310	2465115
TRAF domain-like superfamily	15	2465115
Chemoreceptor zinc-binding domain	5	2465115
ATPase	9	2465115
Beta-trefoil superfamily	44	2465115
HSCB C-terminal oligomerisation domain	155	2465115
PIN domain superfamily	211	2465115
Host cell surface-exposed lipoprotein	147	2465115
Steroid oxidoreductase superfamily	159	2465115
Sterile Alpha Motif (SAM) domain	101	2465115
Rhodanase C-terminal	57	2465115
NUMOD4 motif	82	2465115
PEP-CTERM motif	937	2465115
NADH-ubiquinone/plastoquinone oxidoreductase	1067	2465115
Bet v 1 like	81	2465115
GYF domain	162	2465115
Trypsin-co-occurring domain 1	15	2465115
"beta-strand roll of R-module,  superfamily"	134	2465115
Bacterial toxin 34	4	2465115
Heterocyst differentiation regulator C-terminal Hood domain	2	2465115
Toprim domain	570	2465115
Globin-like	8	2465115
GTP-binding protein LepA C-terminus	487	2465115
Tetrahydrobiopterin biosynthesis-like enzyme superfamily	1401	2465115
LeuD/IlvD-like	1569	2465115
IPTL-CTERM motif	18	2465115
DALR superfamily	134	2465115
Bacterial toxin 33	3	2465115
Cobalamin synthesis protein cobW C-terminal domain	752	2465115
Flagellar basal body-associated protein FliL	305	2465115
NADH-ubiquinone oxidoreductase subunit G	181	2465115
Primosomal protein N C-terminal domain	647	2465115
Transcription initiation factor IIA	5	2465115
Complex1_LYR-like superfamily	16	2465115
Restriction Enzyme Adenine Methylase Associated	172	2465115
Skp1 family	13	2465115
5'-3'-exonuclease C-terminal sub-region	36	2465115
Rap1a immunity proteins	89	2465115
PNKP adenylyltransferase domain	196	2465115
LytR cell envelope-related transcriptional attenuator	220	2465115
Uncharacterized ACR	414	2465115
Uncharacterized protein conserved in bacteria (DUF2135)	43	2465115
Ribulose bisphosphate carboxylase	40	2465115
Secreted clade V proteins	1	2465115
CDP-alcohol phosphatidyltransferase 2	63	2465115
Phosphohydrolase-associated domain	686	2465115
CAAD domains of cyanobacterial aminoacyl-tRNA synthetase	20	2465115
Peptidase clan MA	542	2465115
THUMP domain-like	153	2465115
Csm2 Type III-A	10	2465115
Transposon-encoded protein TnpV	320	2465115
FMN-binding split barrel superfamily	75	2465115
RecQ zinc-binding	20	2465115
Cysteine-rich secretory proteins	110	2465115
Lactate utilisation protein B	123	2465115
Copper amine oxidase N-terminal domain	100	2465115
Sec23/Sec24 zinc finger	31	2465115
Iron-sulfur cluster-binding domain	766	2465115
Amidohydrolase superfamily	336	2465115
NUMOD3 motif	49	2465115
Prolyl-tRNA synthetase	1121	2465115
Classical C2H2 and C2HC zinc fingers	261	2465115
ATP synthase F0 subunit	73	2465115
Ribose-5-phosphate isomerase	112	2465115
Iron hydrogenase small subunit	715	2465115
Hydrolase of X-linked nucleoside diphosphate N terminal	19	2465115
Secretin and TonB N terminus short domain	39	2465115
Argininosuccinate lyase C-terminal	268	2465115
C-terminal region of peptidase_M24	668	2465115
dATP/dGTP diphosphohydrolase	150	2465115
Superoxide reductase-like superfamily	467	2465115
Cell division protein FtsA	26	2465115
3H domain	94	2465115
Alkaline phosphatase-like	131	2465115
Phage tail sheath C-terminal domain	166	2465115
Cysteine-rich VLP	224	2465115
HD/PDEase superfamily	23	2465115
BREX protein BrxB	3	2465115
A repeated domain in UCH-protein	25	2465115
Amino acid biosynthesis and glycosomal dehydrogenase	217	2465115
HflX C-terminal domain	25	2465115
Adenylosuccinate lyase C-terminal	38	2465115
RHS Repeat	103	2465115
Stage V sporulation protein AB	4	2465115
Periplasmic binding protein like	46	2465115
Chain length determinant protein	4	2465115
Sorbitol phosphotransferase enzyme II C-terminus	64	2465115
Stealth protein CR1	5	2465115
MORN repeat	332	2465115
NusG-like	12	2465115
PrgI family protein	76	2465115
Large polyvalent protein associated domain 28	38	2465115
Chitin biosynthesis protein CHS5 N-terminus	2	2465115
DnaT DNA-binding domain	12	2465115
Clostridial hydrophobic W	79	2465115
MapZ extracellular C-terminal domain 2	16	2465115
L	26	2465115
Putative Actinobacterial Holin-X	17	2465115
HAMP domains	319	2465115
Colicin-K immunity	1	2465115
TonB-dependent Receptor Plug Domain	19	2465115
YbfN-like lipoprotein	2	2465115
TipAS antibiotic-recognition domain	24	2465115
UreE urease accessory protein	89	2465115
DASH complex subunit Dad1	1	2465115
NADH-ubiquinone oxidoreductase MWFE subunit	2	2465115
Non-classical export protein 1	3	2465115
Nbl1 / Borealin N terminal	1	2465115
Conserved phage C-terminus (Phg_2220_C)	43	2465115
DASH complex subunit Hsk3 like	2	2465115
NADH-ubiquinone oxidoreductase B12 subunit family	6	2465115
PET assembly of cytochrome c oxidase	2	2465115
LuxS/MPP-like metallohydrolase	1709	2465115
Bacterial alpha-L-rhamnosidase C-terminal domain	241	2465115
Thiamin pyrophosphokinase	311	2465115
Sporulation protein YtfJ (Spore_YtfJ)	26	2465115
YggL 50S ribosome-binding protein	15	2465115
Defence against restriction A C-terminal	202	2465115
Transketolase C-terminal domain-like superfamily	300	2465115
Cysteine-rich domain	211	2465115
Fumarate reductase flavoprotein C-term	15	2465115
YodL-like	57	2465115
Double-stranded DNA-binding domain	63	2465115
AN1-like Zinc finger	119	2465115
RNA/DNA-metabolising metallo-beta-lactamase motif	890	2465115
PetN	12	2465115
Transmembrane di-heme cytochrome superfamily	136	2465115
PyrBI operon leader peptide	1	2465115
Predicted periplasmic lipoprotein (DUF2279)	20	2465115
Glutaminase/Asparaginase C-terminal domain	78	2465115
Uncharacterized protein containing a ferredoxin domain (DUF2148)	131	2465115
Peptidase dimerisation domain	5	2465115
Chaperone of endosialidase	328	2465115
Penicillin-binding protein 5	151	2465115
ell wall binding domain 2 (CWB2)	20	2465115
Flagellar motor switch family	71	2465115
Osmosensory transporter coiled coil	22	2465115
Dynein light chain type 1	39	2465115
YmgD protein	1	2465115
23S rRNA methylastransferase leader peptide (ErmCL)	1	2465115
SUKH superfamily	7	2465115
Putative antitoxin of bacterial toxin-antitoxin system	1	2465115
Sporulation protein YunB (Spo_YunB)	34	2465115
PTS system glucitol/sorbitol-specific IIA component	11	2465115
Baseplate upper protein immunoglobulin like domain	3	2465115
Bacterial membrane GlpM-like group	5	2465115
Phi29 scaffolding protein	2	2465115
Abortive infection C-terminus	58	2465115
General secretion pathway protein M	258	2465115
SseB protein N-terminal domain	8	2465115
CRISPR-associated (Cas) Repair Associated Mysterious Proteins	52	2465115
Leucine Rich Repeat	218	2465115
S-layer protein SbsC C-terminal domain	24	2465115
Acyl-CoA dehydrogenase C terminal	23	2465115
Putative serine dehydratase domain	255	2465115
Bacterial toxin 30	1	2465115
NusG domain II	14	2465115
MutS domain I	3	2465115
Control of competence regulator ComK	31	2465115
Cytidine deaminase-like (CDA) superfamily	26	2465115
GspC HR domain/PilP-like superfamily	239	2465115
Phage X family	14	2465115
dUTPase like superfamily	1	2465115
Uncharacterized conserved protein (DUF2293)	111	2465115
Bacterial epsilon antitoxin	14	2465115
Hydrogenase/urease nickel incorporation	27	2465115
Glycine-rich SFCGS	2	2465115
NADH-ubiquinone oxidoreductase-F iron-sulfur binding region	978	2465115
beta-Barrel protease inhibitors	43	2465115
DnaJ central domain	45	2465115
Pelota - RNA ribose binding superfamily	84	2465115
FYVE/PHD zinc finger superfamily	16	2465115
RNHCP domain	41	2465115
Heme NO and oxygen binding like	124	2465115
Stealth protein CR4	28	2465115
Type II secretion system pilotin lipoprotein (PulS_OutS)	2	2465115
Type II intron maturase-like superfamily	189	2465115
TATA-binding protein like	277	2465115
Chelatase Superfamily	20	2465115
KRAB box	3	2465115
Coiled-coil helix coiled-coil helix superfamily	21	2465115
HopJ type III effector protein	4	2465115
GAF domain-like	16	2465115
Lantibiotic immunity protein Spa1 C-terminal domain	2	2465115
Mitochondrial degradasome RNA helicase subunit C terminal	23	2465115
Lactococcus bacteriophage putative transcription regulator	12	2465115
Gamma-Crystallin-like superfamily	53	2465115
G-rich domain on putative tyrosine kinase	78	2465115
Uncharacterized KorC regulated protein A	14	2465115
secA translation cis-regulator SecM	4	2465115
CheC-like superfamily	85	2465115
Chlamydia cysteine-rich outer membrane protein 3	1	2465115
GTP-binding GTPase N-terminal	3	2465115
Regulator of ribonuclease activity B	26	2465115
Bacteriophage holin family	56	2465115
4'-phosphopantetheinyl transferase superfamily	86	2465115
Lantibiotic streptin immunity protein	2	2465115
Homeobox associated leucine zipper	14	2465115
Collagen triple helix repeat (20 copies)	52	2465115
Death Domain Superfamily	18	2465115
"Aminoacid dehydrogenase-like, N-terminal domain superfamily"	10	2465115
Hydrazine synthase alpha subunit middle domain	1	2465115
Sortase domain	23	2465115
Ferredoxin-like domain in Api92-like protein	11	2465115
ATP-grasp superfamily	1	2465115
Tropomyosin-like superfamily	1	2465115
Curlin associated repeat	1	2465115
BA14K-like protein	84	2465115
Carbohydrate binding domain superfamily	95	2465115
PHB accumulation regulatory domain	184	2465115
BssC/TutF protein	22	2465115
Membrane iron-sulfur containing protein FtrD-like	32	2465115
Toxin with a conserved tryptophan and TIP tripeptide motif	1	2465115
Profilin-like superfamily	24	2465115
response regulator aspartate phosphatase H	1	2465115
Coiled-coil N-terminus of cGMP-dependent protein kinase	6	2465115
Putative nuclear envelope organisation protein	16	2465115
LeuA allosteric (dimerisation) domain	161	2465115
ATP synthase subunit H	7	2465115
Uncharacterized conserved protein (DUF2304)	22	2465115
impB/mucB/samB family C-terminal domain	80	2465115
Crustacean cuticle protein repeat	7	2465115
UpxZ family of transcription anti-terminator antagonists	7	2465115
GpV Apex motif	23	2465115
Lactococcin G-beta	1	2465115
Insertion element 4 transposase N-terminal	1	2465115
Type-F conjugative transfer system protein (TrbI_Ftype)	1	2465115
MOFRL family	24	2465115
Phage Tail Collar Domain	134	2465115
Transmembrane proteins 14C	84	2465115
2-hydroxy-palmitic acid dioxygenase Mpo1-like	214	2465115
"L,D-transpeptidase catalytic domain"	147	2465115
FlaG protein	28	2465115
Hemopexin	5	2465115
Bacteriophage 1.1 Protein	1	2465115
Histone-like Protein p6	6	2465115
Flagellar protein FlaF	12	2465115
Cyclin-like superfamily	223	2465115
YmaF family	5	2465115
Quinohemoprotein amine dehydrogenase	79	2465115
ORF D-335-like protein	12	2465115
Structural protein VP1/VP3	4	2465115
Large polyvalent protein-associated domain 1	11	2465115
Cytochrome b562	12	2465115
Sensor_kinase_SpoOB-type	3	2465115
NiFe-hydrogenase-type-3 Eha complex subunit A	2	2465115
Fungal Zn(2)-Cys(6) binuclear cluster domain	1	2465115
FtsH ternary system domain X3-analog	20	2465115
Families 57/38 glycoside transferase middle domain superfamily	117	2465115
Transposase zinc-binding domain	8	2465115
L27 domain superfamily	4	2465115
Ferredoxin thioredoxin reductase catalytic beta chain	29	2465115
2H phosphoesterase superfamily	211	2465115
Putative flagellar	272	2465115
Phage late-transcription coactivator	1222	2465115
Oligosaccharyltransferase subunit 5	1	2465115
RIIa-like fold	26	2465115
Annexin	6	2465115
Cystatin-like superfamily	17	2465115
SRF-type transcription factor (DNA-binding and dimerisation domain)	3	2465115
C-terminus of histone H2A	34	2465115
Phage Mu protein F like protein	22	2465115
Release factor superfamily	8	2465115
CCCH-zinc finger	7	2465115
Mitotic-spindle organizing gamma-tubulin ring associated	4	2465115
"Tubulin, FtsZ and Misato and their C-termini,"	12	2465115
LCCL-domain like	8	2465115
Hairy Orange	1	2465115
"Protein kinase C, C1 domain"	5	2465115
F-box-like domain	10	2465115
NOP5NT (NUC127) domain	4	2465115
STIV B116-like	16	2465115
FeoB cytosolic helical domain	1	2465115
SseB protein C-terminal domain	15	2465115
HNH/Endo VII superfamily nuclease toxins	6	2465115
Paired amphipathic helix repeat	3	2465115
SNARE domain	18	2465115
Granulin	1	2465115
T4 RNA ligase 2 C-terminal	12	2465115
Six-hairpin glycosidase superfamily	99	2465115
C-terminal topoisomerase domain	40	2465115
Stage II sporulation protein	1	2465115
Transactive response DNA-binding protein N-terminal domain	1	2465115
YbbR-like protein	44	2465115
VirE N-terminal domain	1	2465115
Pre-toxin TG	1	2465115
post-AAA+ oligomerization domain-like superfamily	92	2465115
Dolichol-phosphate mannosyltransferase subunit 3 (DPM3)	1	2465115
DnaB-helicase binding domain of primase	10	2465115
Superinfection exclusion gene product 17	23	2465115
Protein kinase C terminal domain	11	2465115
C-terminal domain of cyclic nucleotide phosphodiesterase	2	2465115
Glycosyl transferase clan GT-A	15	2465115
Microsomal signal peptidase 12 kDa subunit (SPC12)	3	2465115
Predicted pPIWI-associating nuclease	1	2465115
LITAF-like zinc ribbon domain	4	2465115
Tctex-1 family	3	2465115
XdhC and CoxI family	180	2465115
CGNR zinc finger	637	2465115
FucI/AraA C-terminal domain-like [50443]	10	2465115
Cation transporter/ATPase	24	2465115
Uncharacterized protein conserved in bacteria (DUF2200)	36	2465115
Sirohaem biosynthesis protein central	121	2465115
NiFe/NiFeSe hydrogenase small subunit C-terminal	6	2465115
Transcriptional regulator	2	2465115
Methylene-tetrahydrofolate reductase C terminal	38	2465115
FidL-like putative membrane protein	1	2465115
MGS-like domain	22	2465115
Colicin D/E5 nuclease domain superfamily	7	2465115
Cyanophycin synthase-like N-terminal domain	1	2465115
Cas3 C-terminal domain	1	2465115
Starch-binding domain like superfamily	19	2465115
NADH ubiquinone oxidoreductase subunit NDUFA12	27	2465115
DNA ligase IV	11	2465115
ORF6C domain	1	2465115
PFL-like glycyl radical enzyme superfamily	14	2465115
Dinitrogenase iron-molybdenum cofactor	32	2465115
DNase I-like	14	2465115
Type III R-M EcoP15I C-terminal domain	8	2465115
Uncharacterized protein conserved in bacteria (DUF2155)	52	2465115
Spi protease inhibitor	1	2465115
GTP cyclohydrolase II	49	2465115
Choline sulfatase enzyme C terminal	141	2465115
FAD-linked oxidase C-terminal domain superfamily	2645	2465115
NAD-dependent DNA ligase C4 zinc finger domain	17	2465115
MerC mercury resistance protein	2	2465115
N-terminal segments of PfEMP1	6	2465115
RNase III domain-like superfamily	8	2465115
Thiol-activated cytolysin beta sandwich domain	1	2465115
Target recognition domain of lytic exoenzyme	2	2465115
MlaD protein	10	2465115
Copper resistance protein D	70	2465115
Probable substrate-binding preceding ATP-grasp domain	12	2465115
HAS-barrel superfamily	41	2465115
N-terminal domain of reverse transcriptase	6	2465115
Spermidine synthase tetramerisation domain	6	2465115
Transcription elongation factor	30	2465115
Immunity protein 45	3	2465115
Large polyvalent protein-associated domain 16	6	2465115
Dof domain	1	2465115
Fertility inhibition protein N terminal	1	2465115
POTRA domain superfamily	19	2465115
YejG-like protein	1	2465115
Cytotoxic	9	2465115
FecR protein	83	2465115
Primase C terminal 2 (PriCT-2)	25	2465115
Nuclease inhibitor from bacteriophage T4	1	2465115
DNA packaging protein	3	2465115
Trafficking protein	7	2465115
Bacterial toxin 44	5	2465115
Bacteriophage T7-like gene 6.5	3	2465115
Bacterial toxin 8	3	2465115
Large polyvalent protein associated domain 26	2	2465115
NFACT protein C-terminal domain	1	2465115
Nitrite/Sulfite reductase ferredoxin-like half domain	5	2465115
Pyruvate ferredoxin oxidoreductase beta subunit C terminal	106	2465115
DNA clamp superfamily	155	2465115
Lsm C-terminal	35	2465115
ATPase inhibitor subunit zeta	17	2465115
Adenosine-5'-phosphosulfate reductase beta subunit	142	2465115
Plug domain of Sec61p	4	2465115
NTN hydrolase superfamily	14	2465115
RNA helicase UPF1	1	2465115
ATP-utilising chromatin assembly and remodelling N-terminal	1	2465115
Exosome complex exonuclease Rrp40 N-terminal domain	1	2465115
Oligosaccaryltransferase	3	2465115
Kinase associated domain 1-like	11	2465115
Glucose-repressible protein Grg1	1	2465115
YvbH-like oligomerisation region	5	2465115
DNA polymerase beta thumb	29	2465115
Mitochondrial carrier protein	41	2465115
N-terminal extension of GAT domain	1	2465115
Archaeal glycosylation protein B long peripheral domain	5	2465115
Lactococcus bacteriophage repressor	4	2465115
NigD-like C-terminal beta sandwich domain	2	2465115
DUF1735-like superfamily	3	2465115
Mu B transposition protein	2	2465115
AWS domain	1	2465115
Initiation factor eIF2 gamma	104	2465115
Small metal-binding protein	4	2465115
DEK C terminal domain	4	2465115
Kunitz/Bovine pancreatic trypsin inhibitor domain	40	2465115
VPDSG-CTERM motif	26	2465115
ASPIC and UnbV	1126	2465115
EAD1-like clan	13	2465115
Rv0078B-related antitoxin	73	2465115
Peptidyl-tRNA hydrolase II superfamily	26	2465115
Type IV pilus assembly protein PilX C-term	2	2465115
Phenylphosphate carboxylase gamma subunit (Phenyl_P_gamma)	3	2465115
Carbohydrate binding domain 14/19 clan	6	2465115
Transcription factor e(y)2	1	2465115
MrfA Zn-binding domain	74	2465115
Integron Cassette Protein Hfx_Cass5	9	2465115
Type III restriction/modification enzyme methylation subunit	1	2465115
Anticodon nuclease activator family	1	2465115
Neutral trehalase Ca2+ binding domain	1	2465115
von Willebrand factor type A	15	2465115
Discriminator of mRNA degradation	3	2465115
Phosphatidylinositol N-acetylglucosaminyltransferase subunit Y	3	2465115
CCCH zinc finger in TRM13 protein	11	2465115
PHF5-like protein	1	2465115
DNA replication complex GINS protein SLD5 C-terminus	6	2465115
FATC domain	10	2465115
U4/U6.U5 small nuclear ribonucleoproteins	10	2465115
Transcription factor Tfb2 (p52) C-terminal domain	2	2465115
Dynamin GTPase effector domain	5	2465115
Alpha/Beta hydrolase fold	116	2465115
Aromatic-ring-opening dioxygenase LigAB	240	2465115
Thiamine pyrophosphokinase C terminal	132	2465115
Copper chaperone PCu(A)C	12	2465115
Nitrogen fixation protein NifW	4	2465115
JAB-like superfamily	6	2465115
YopX protein	2	2465115
CNF1/YfiH-like putative cysteine hydrolases	18	2465115
NUC130/3NT domain	2	2465115
FAM210A/B-like domain	29	2465115
Putative metal-binding motif	13	2465115
Chlorhexidine efflux transporter	42	2465115
e3 binding domain	40	2465115
Alanine racemase	1	2465115
Archaeal Peptidase A24 C-terminus Type II	15	2465115
Bacteriophage T7-like	6	2465115
Transcription activator MBF2	2	2465115
Homing endonuclease-like superfamily	16	2465115
Cytochrome c oxidase assembly protein COX16	7	2465115
Poly-adenylate binding protein	4	2465115
Phage tail like superfamily	10	2465115
Coronavirus ORF3 protein	1	2465115
GTPase-associated adaptor domain	3	2465115
von Willebrand factor type A C-terminal domain	121	2465115
Gliding motility-associated protein GldC-like	9	2465115
HP1451 C-terminal domain	12	2465115
Electron transfer DM13	110	2465115
Predicted membrane protein (DUF2069)	12	2465115
Phage tail repeat like	1	2465115
Bacteriophage T7 virion assembly protein	3	2465115
Sirohaem synthase dimerisation region	25	2465115
NADH ubiquinone oxidoreductase	9	2465115
DnaB-like helicase N terminal domain	4	2465115
PcfK-like protein	3	2465115
Ferrous iron transport protein B C terminus	3	2465115
RNA polymerase inhibitor	2	2465115
RWP-RK domain	24	2465115
Flagellar protein FliS	14	2465115
Phage P2 GpU	1	2465115
Pepsin inhibitor-3-like repeated domain	1	2465115
Phage tail fibre repeat	1	2465115
Phage Single-stranded DNA-binding protein	3	2465115
Retrovirus zinc finger-like domains	23	2465115
UPF0767 family	4	2465115
Zinc binding domain	3	2465115
Glycosyl transferase family 8 C-terminal	7	2465115
Transcriptional regulator DsbA	160	2465115
Ribonucleotide reductase	2	2465115
GEVED domain	1	2465115
Wyosine base formation	136	2465115
Aminoarabinose transferase C-terminal domain	25	2465115
EPTP domain	10	2465115
Bacterial type II/III secretion system short domain	26	2465115
EvpB/VC_A0108	9	2465115
Centrosomin N-terminal motif 1	2	2465115
Nickel-containing superoxide dismutase	13	2465115
Serine-threonine protein phosphatase N-terminal domain	11	2465115
Na+-translocating membrane potential-generating system (MpsC)	13	2465115
Acyltransferase C-terminus	9	2465115
Putative zinc-finger of transcription factor IIIC complex	1	2465115
Cobalamin biosynthesis central region	2	2465115
C-type lectin-like superfamily	5	2465115
Mating-type protein beta 1	1	2465115
Periplasmic binding protein clan	3	2465115
DASH complex subunit Dad4	2	2465115
Tim10/DDP family zinc finger	16	2465115
Flagellar assembly protein T	77	2465115
Cytochrome C'	3	2465115
Threonine synthase N terminus	5	2465115
ALTTAQ repeat	2	2465115
Cobalamin synthesis G C-terminus	6	2465115
Kazal like domain	29	2465115
Putative DNA-binding domain	5	2465115
Nup358/RanBP2 E3 ligase domain	1	2465115
Lycopene cyclase	41	2465115
CRISPR-associated protein (Cas_csx3)	16	2465115
Tn7 transposition regulator TnsC	4	2465115
AMIN domain	1	2465115
YceI-like domain	38	2465115
Leucine-zipper of ternary complex factor MIP1	2	2465115
Phage gene product 45.2	3	2465115
Acyl-CoA dehydrogenase N terminal	5	2465115
Acid phosphatase/Vanadium-dependent haloperoxidase	46	2465115
Phage Tail fiber assembly helper gene product 57	5	2465115
TcpE family	1	2465115
RecR protein	5	2465115
Small outer capsid protein	3	2465115
NOG1 N-temrinal helical domain superfamily	56	2465115
RlmM ferredoxin-like domain	1	2465115
DUF1214-like	15	2465115
FtsH ternary system-associated peptide	13	2465115
MurT ligase C-terminal	20	2465115
Tryptophan-rich Synechocystis species C-terminal domain	1	2465115
UDP-3-O-[3-hydroxymyristoyl] glucosamine N-acyltransferase	2	2465115
LppP/LprE lipoprotein	14	2465115
LTXXQ-like superfamily	123	2465115
Hemerythrin HHE cation binding domain	1	2465115
Mitochondrial mRNA-processing protein COX24	5	2465115
Luciferase helical bundle domain	1	2465115
CHRD domain	46	2465115
Cysteine rich repeat	15	2465115
PAN-like	30	2465115
Bacterial phospholipase C	29	2465115
Mycobacterial 4 TMS phage holin	28	2465115
N-formyltransferase dimerization C-terminal domain	10	2465115
Haemophore	10	2465115
Las17-binding protein actin regulator	4	2465115
Acetone carboxylase gamma subunit	9	2465115
Predicted membrane protein (DUF2085)	7	2465115
Transferrin receptor-like dimerisation domain	1	2465115
Cyclin D1 binding domain	3	2465115
Chromate resistance exported protein	1	2465115
Bacterial Peptidase A24 N-terminal domain	1	2465115
MHC antigen-recognition domain	2	2465115
Deoxyribonuclease NucA/NucB	1	2465115
Uncharacterized conserved protein (DUF2203)	10	2465115
Conserved hypothetical protein (Lin0512_fam)	14	2465115
Mpv17 / PMP22 family	25	2465115
Cell division protein FtsQ/DivIB	2	2465115
PaaX-like protein C-terminal domain	25	2465115
Calcium binding	51	2465115
Patatin phospholipase	5	2465115
RS4NT (NUC023) domain	2	2465115
zinc-finger-containing domain	4	2465115
Putative amino acid metabolism	4	2465115
Biopolymer transport protein ExbD/TolR	6	2465115
DNA packaging protein FI	1	2465115
Anti-Sigma Factor A	2	2465115
Heat shock factor binding protein 1	5	2465115
HMG-box like superfamily	35	2465115
S15/NS1 RNA-binding domain superfamily	1	2465115
Ribosome-assembly protein 3	1	2465115
ATP synthase subunit K	1	2465115
ATP synthase j chain	2	2465115
Got1/Sft2-like family	2	2465115
MCM6 C-terminal winged-helix domain	1	2465115
Large polyvalent protein associated domain 24	3	2465115
Glycosyl-4	1	2465115
Plectin repeat	2	2465115
SpoVAC/SpoVAEB sporulation membrane protein	3	2465115
Flotillin	1	2465115
PrmC N-terminal domain	4	2465115
FlxA-like protein	2	2465115
beta-N-acetylhexosaminidase-like domain	1	2465115
Large polyvalent-protein-associated domain 15	3	2465115
Nucleoside recognition	2	2465115
GAD domain superfamily	1	2465115
CGGC domain	2	2465115
Bladder cancer-related protein BC10	2	2465115
E7 protein	7	2465115
Methyladenine glycosylase	1	2465115
FRG domain	1	2465115
Type II secretion system (T2SS)	23	2465115
Cytochrome b(C-terminal)/b6/petD	9	2465115
Iron/zinc purple acid phosphatase-like protein C	12	2465115
LTR-copia-type polyprotein segment	9	2465115
Transposase-associated domain	10	2465115
Avidin family	3	2465115
ELK domain	1	2465115
Glycosyl hydrolase family 79 C-terminal beta domain	3	2465115
Rapid ALkalinization Factor (RALF)	2	2465115
Phospholipase D C terminal	2	2465115
Rpp14/Pop5 family	33	2465115
AOC barrel-like superfamily	4	2465115
TNP1/EN/SPM transposase	1	2465115
Nicotinate phosphoribosyltransferase C-terminal domain	19	2465115
Cache-like domain	21	2465115
Primase zinc finger	2	2465115
Histone chaperone domain CHZ	1	2465115
YqbF	1	2465115
LsmAD domain	1	2465115
Spc24 subunit of Ndc80	3	2465115
GAG-pre-integrase domain	11	2465115
DNA-binding pseudo-barrel domain	1	2465115
EGF superfamily	34	2465115
zinc-binding in reverse transcriptase	1	2465115
Arginyl tRNA synthetase N terminal domain	3	2465115
Phospho-N-acetylmuramoyl-pentapeptide-transferase signature 1	1	2465115
Polyphosphate kinase N-terminal domain	3	2465115
S-adenosylmethionine synthetase	15	2465115
Poly-beta-hydroxybutyrate polymerase N terminal	3	2465115
Kleisin superfamily	29	2465115
ATP synthase complex subunit h	1	2465115
zinc-finger	6	2465115
Large polyvalent protein-associated domain 7	3	2465115
Xeroderma pigmentosum group B helicase damage recognition domain	1	2465115
Dolichol phosphate-mannose biosynthesis regulatory protein (DPM2)	4	2465115
PGF-CTERM motif	41	2465115
Selenocysteine synthase N terminal	2	2465115
CRISPR-associated protein (Cas_Csa5)	1	2465115
Primase X	2	2465115
NADH-Ubiquinone oxidoreductase (complex I)	2	2465115
Nematode cuticle collagen N-terminal domain	5	2465115
Ycf66 protein N-terminus	19	2465115
Bacterial tandem repeat domain 1	9	2465115
26S proteasome non-ATPase regulatory subunit RPN1 C-terminal	4	2465115
DNA_binding protein	6	2465115
NAC domain	6	2465115
DNA polymerase Ligase (LigD)	13	2465115
MoaE protein	1	2465115
Hypothetical protein TT1725	7	2465115
DVNP family	70	2465115
PRD1 phage membrane DNA delivery	2	2465115
Damage-inducible protein CinA KH domain	7	2465115
Galactose binding lectin domain	3	2465115
Vta1 C-terminal domain	5	2465115
Auxin responsive protein	2	2465115
Seed dormancy control	1	2465115
PWI domain	2	2465115
E2 binding domain	2	2465115
BofC C-terminal domain	5	2465115
Lantibiotic alpha	1	2465115
Uncharacterized protein conserved in bacteria (DUF2141)	5	2465115
Kix domain of CBP (creb binding protein) and MED13/15	2	2465115
Barnase-EndoU-ColicinE5/D-RelE like nuclease	3	2465115
Potential DNA-binding domain	1	2465115
Uncharacterized protein conserved in bacteria (DUF2237)	3	2465115
Carbohydrate binding module 77	1	2465115
NADH dehydrogenase 1 alpha subcomplex subunit 3	2	2465115
TRF2-interacting telomeric protein/Rap1 - C terminal domain	1	2465115
Stealth protein CR2	2	2465115
PmbA/TldA metallopeptidase domain 1	5	2465115
GMC oxidoreductase	3	2465115
Type III secretion basal body protein I	2	2465115
URI fold toxin 2	5	2465115
Retroviral matrix superfamily	1	2465115
Putative gypsy type transposon	1	2465115
Integron cassette protein VCH_CASS1 chain	1	2465115
CdaA N-terminal transmembrane domain	5	2465115
Bacterial toxin 47	1	2465115
Tubulin binding cofactor A	1	2465115
Succinyl-CoA synthetase flavodoxin domain superfamily	4	2465115
S. aureus uracil DNA glycosylase inhibitor	1	2465115
OstA superfamily	2	2465115
Acyl-coenzyme A oxidase/dehydrogenase N-terminal	2	2465115
LOR/SDH bifunctional enzyme conserved region	5	2465115
FAST kinase-like protein	1	2465115
DASH complex subunit Dam1	5	2465115
Transcription factor TFIIH complex subunit Tfb5	12	2465115
Disulfide bond isomerase protein N-terminus	7	2465115
Scorpion acidic alpha-KTx toxin family	1	2465115
Protease propeptides/inhibitors	3	2465115
DAP epimerase superfamily	3	2465115
Bifunctional nuclease domain	4	2465115
RecX family	6	2465115
Flagellar motor switch protein FliN N-terminal	1	2465115
DNA repair REX1-B	1	2465115
CVNH domain	2	2465115
Chordopoxvirus A13L protein	1	2465115
SRP40	3	2465115
Uncharacterized protein conserved in bacteria (DUF2322)	4	2465115
Putative phage holin	1	2465115
Vacuolar protein sorting protein 11 C terminal	2	2465115
NUC153 domain	3	2465115
eIF3 subunit M	2	2465115
Acyl carrier protein phosphodiesterase	2	2465115
RNase LS	2	2465115
Phage protein Gp19/Gp15/Gp42	1	2465115
Chloroplast protein precursor Ycf15 putative	3	2465115
BRK domain	4	2465115
YL1 nuclear protein C-terminal domain	2	2465115
FBD	1	2465115
TATA element modulatory factor 1 DNA binding	1	2465115
Spore cortex protein YabQ (Spore_YabQ)	2	2465115
Concanavalin-like lectin/glucanase superfamily	3	2465115
Poxvirus protein I5	1	2465115
Large polyvalent protein-associated domain 18	3	2465115
Elongation factor Tu domain 4	5	2465115
Sporulation and spore germination	1	2465115
Phosphatidylethanolamine-binding protein	5	2465115
Bacterial transglutaminase-like N-terminal region	3	2465115
Somatomedin B domain	1	2465115
Testicular haploid expressed repeat	1	2465115
Lines C-terminus	1	2465115
SET domain	113	2465115
T4 gene Gp59 loader of gp41 DNA helicase C-term	20	2465115
Erv1 / Alr family	2	2465115
Archaeal Nre	5	2465115
Transmembrane protein 65	2	2465115
Intrinsic membrane protein PufX	7	2465115
Conserved TM helix	5	2465115
PGDYG protein	10	2465115
Sperm tail C-terminal domain	2	2465115
BET superfamily	4	2465115
Ubiquitin-activating enzyme E1 FCCH domain	6	2465115
NF-kappa-B-activating protein C-terminal domain	3	2465115
cwf21 domain	4	2465115
FAD dependent oxidoreductase central domain	5	2465115
SNARE-fusion membrane complex superfamily	5	2465115
Cytochrome P460	10	2465115
SEP domain	1	2465115
GTP-binding GTPase Middle Region	1	2465115
Sm_like domain	20	2465115
Transmembrane family 220	5	2465115
Elongation factor G-binding protein	1	2465115
Curli assembly protein CsgE	5	2465115
von Willebrand Factor like superfamily	1	2465115
Probable RNA and SrmB- binding site of polymerase A	1	2465115
Cytochrome B6-F complex subunit VI (PetL)	10	2465115
Serine dehydratase beta chain superfamily	2	2465115
Plasma membrane calcium transporter ATPase C terminal	1	2465115
Photoprotection regulator fluorescence recovery protein	1	2465115
Glutamate dehydrogenase N terminal	1	2465115
DExH-box splicing factor binding site	6	2465115
Immunity protein 63	1	2465115
Peptidase	1	2465115
DNA polymerase III polC-type N-terminus I	1	2465115
Streptococcal histidine triad protein	1	2465115
RNA polymerase beta subunit external 1 domain	3	2465115
Homodimerisation domain of SGTA	1	2465115
GHH signature containing HNH/Endo VII superfamily nuclease toxin	1	2465115
bZIP-like leucine zipper	5	2465115
Carbon monoxide dehydrogenase subunit alpha N-terminal domain	1	2465115
36-mer N-terminal peptide of the N protein (N36)	2	2465115
Toxin YafO	1	2465115
Scorpion antimicrobial peptide	1	2465115
C2 superfamily	3	2465115
Immunity protein 30	1	2465115
Leucine zipper with capping helix domain	3	2465115
Antitoxin to bacterial toxin RNase LS or RnlA	3	2465115
Phage protein	5	2465115
Mannan-binding protein	2	2465115
Peptidase S41 N-terminal domain	3	2465115
Fic/DOC family N-terminal	3	2465115
Phage ABA sandwich domain	3	2465115
FtsH Extracellular	2	2465115
HsdM N-terminal domain	2	2465115
Bacteriophage lambda head decoration protein D	2	2465115
Coenzyme F420 hydrogenase/dehydrogenase	3	2465115
Rep-like domain	1	2465115
PA14 superfamily	2	2465115
N-terminal PilZ-like domain PilZN1	1	2465115
Formylglycinamide ribonucleotide amidotransferase linker domain	1	2465115
SMODS and LOG-Smf/DprA-Associating Two TM	2	2465115
Copper/zinc superoxide dismutase (SODC)	1	2465115
ProQ/FINO family	1	2465115
Adenovirus E3B protein	2	2465115
STIR superfamily	1	2465115
Small VCP/p97-interacting protein	1	2465115
Ubiquinol-cytochrome C reductase hinge protein	5	2465115
Ethylene-responsive binding factor-associated repression	1	2465115
Respiratory-chain NADH dehydrogenase	1	2465115
GLTT repeat (6 copies)	3	2465115
Prefoldin	16	2465115
STI1 domain	8	2465115
WW domain	21	2465115
Splicing factor 3B subunit 10 (SF3b10)	4	2465115
26S proteasome regulatory subunit RPN5 C-terminal domain	6	2465115
NADH-ubiquinone oxidoreductase complex I	2	2465115
Heme iron utilization protein-like superfamily	1	2465115
Sea anemone toxin k like	2	2465115
Dip2/Utp12 Family	2	2465115
Villin headpiece domain	4	2465115
Replication protein C C-terminal region	7	2465115
C-terminal region of MMR_HSR1 domain	2	2465115
Cytochrome c oxidase assembly protein PET191	2	2465115
TFIIS helical bundle-like domain	6	2465115
BAG domain	2	2465115
Lysine-2	1	2465115
Ectodermal ciliogenesis protein	5	2465115
2-oxoglutarate dehydrogenase N-terminus	1	2465115
CreA protein	1	2465115
Dopa 4	8	2465115
N-terminal domain of argonaute	1	2465115
Methylamine dehydrogenase	1	2465115
SRP72 RNA-binding domain	1	2465115
Aldehyde oxidase and xanthine dehydrogenase	1	2465115
Polysaccharide biosynthesis/export protein	10	2465115
AIR synthase related protein	1	2465115
Proteasome beta subunits C terminal	5	2465115
REase associating with pPIWI_RE	1	2465115
Sterol methyltransferase C-terminal	4	2465115
Pro-opiomelanocortin	1	2465115
Extracellular tail	1	2465115
Holin of 3TMs	1	2465115
Bacterial sugar transferase	1	2465115
NinB protein	2	2465115
Unstructured region 10 on multiple PDZ protein	1	2465115
Cdc48 domain 2-like	3	2465115
Energy-converting hydrogenase subunit EhaL	2	2465115
Acetyl-CoA dehydrogenase C-terminal like	6	2465115
Pyrimidine/purine nucleotide 5'-monophosphate nucleosidases	1	2465115
Hr1 repeat	3	2465115
YusW-like protein	1	2465115
Putative lipoprotein LpqV	1	2465115
Anaphase-promoting complex APC subunit CDC26	1	2465115
DinB-like superfamily	1	2465115
Putative heavy-metal chelation	3	2465115
Novel toxin 17	1	2465115
Tetrahydrodipicolinate N-succinyltransferase N-terminal	1	2465115
Ferredoxin / Ferric reductase-like NAD binding	3	2465115
GRIP domain	5	2465115
CofH/MqnC C-terminal region	1	2465115
HNH/Endo VII superfamily nuclease toxin with a HHH motif	1	2465115
PT repeat	1	2465115
WKF domain	2	2465115
Phage gene product 52	2	2465115
Type IV Pilus-assembly protein W	4	2465115
Coiled stalk of trimeric autotransporter adhesin	1	2465115
Polo-box superfamily	2	2465115
PBCV-specific basic adaptor domain	2	2465115
Inhibitor of vertebrate lysozyme (Ivy)	3	2465115
EXPERA (EXPanded EBP superfamily)	3	2465115
Omega toxin-like	2	2465115
PUB domain	3	2465115
5'-AMP-activated protein kinase beta subunit	1	2465115
Replication stress response SDE2 C-terminal	1	2465115
DSS1/SEM1 family	1	2465115
Heterogeneous nuclear ribonucleoprotein Q acidic domain	2	2465115
Growth-Arrest-Specific Protein 2 Domain	1	2465115
DHS-like NAD/FAD-binding domain	5	2465115
Acyl-CoA dehydrogenase	1	2465115
Wound-inducible basic protein family	1	2465115
Occludin homology domain	1	2465115
Fusaric acid resistance protein-like superfamily	2	2465115
COMM domain	5	2465115
Large polyvalent protein associated domain 23	1	2465115
Uncharacterized protein conserved in archaea (DUF2111)	4	2465115
Enhancer of rudimentary	2	2465115
"SRP alu RNA binding heterodimer, SRP9/14 superfamily"	2	2465115
hAT family C-terminal dimerisation region	2	2465115
Sas10 C-terminal domain	3	2465115
PX domain	1	2465115
Cytochrome c oxidase subunit VII	2	2465115
Ubiquinol-cytochrome C reductase	3	2465115
Ribosome associated membrane protein RAMP4	2	2465115
Phycoerythrin	1	2465115
Dickkopf N-terminal cysteine-rich region	1	2465115
Bacterial signalling protein N terminal repeat	2	2465115
Short coiled-coil protein	1	2465115
Low affinity iron permease	2	2465115
rod shape-determining protein MreC	3	2465115
VirK protein	1	2465115
Bypass of Forespore C	1	2465115
RNA polymerase I	1	2465115
L-proline 3-hydroxylase	1	2465115
2-oxoisovalerate dehydrogenase E1 alpha subunit N terminal	1	2465115
Immunity protein 8	2	2465115
NADH-ubiquinone reductase complex 1 MLRQ subunit	1	2465115
SLA1 homology domain 1	6	2465115
Pre-PUA superfamily	2	2465115
Alpha 1	1	2465115
WH2 motif	3	2465115
Immunity protein 26	1	2465115
SRCR-like	5	2465115
Low-density lipoprotein receptor domain class A	14	2465115
THAP domain	4	2465115
Plexin fold superfamily	3	2465115
TSP1 superfamily	14	2465115
WWE domain	2	2465115
GGL domain	1	2465115
Mib_herc2	1	2465115
Dynein attachment factor N-terminus	1	2465115
N-terminal conserved domain of Nudc.	1	2465115
Na+ dependent nucleoside transporter N-terminus	1	2465115
NUMB domain	1	2465115
Antigen MPT63/MPB63 (immunoprotective extracellular	2	2465115
MurF and HprK N-domain-like superfamily	1	2465115
HalX domain	5	2465115
Trypsin Inhibitor like cysteine rich domain	1	2465115
TB domain	1	2465115
Nitrosopumilus output domain 5	2	2465115
Psb28 protein	4	2465115
Bacteriophage T7	2	2465115
Tuberculin-active protein	1	2465115
Flp pilus-biogenesis Tad-like superfamily	9	2465115
Chromosome segregation protein Csm1/Pcs1	1	2465115
Uncharacterized conserved domain (SAYSvFN)	1	2465115
DUSP domain	1	2465115
Ubiquinol-cytochrome-c reductase complex assembly factor 3	1	2465115
Hsp70-interacting protein N N-terminal domain	1	2465115
Putative phage abortive infection protein	1	2465115
Conidiation protein 6	1	2465115
OCRE domain	1	2465115
Pet100	1	2465115
Csp protease B prodomain	1	2465115
Bacteriophage FRD3 protein	1	2465115
Sin3 binding region of histone deacetylase complex subunit SAP30	1	2465115
Toxin Fst	1	2465115
Major Vault Protein repeat superfamily	1	2465115
Herpesviridae UL52/UL70 DNA primase	1	2465115
Actin depolymerizing Factor	2	2465115
Cyanobacterial and plastid NDH-1 subunit M	1	2465115
Argonaute linker 1 domain	1	2465115
NOGCT (NUC087) domain	2	2465115
Triple gene block 3	1	2465115
The Golgi pH Regulator (GPHR) Family N-terminal	1	2465115
Nitrosopumilus output domain 1	1	2465115
Uncharacterized protein conserved in archaea (DUF2073)	2	2465115
N-terminal domain of cytochrome oxidase-cbb3	5	2465115
Uncharacterized conserved protein (DUF2173)	1	2465115
Helicobacter pylori IceA2 protein	3	2465115
Invasion gene expression up-regulator	1	2465115
MOSC N-terminal beta barrel domain	1	2465115
Erythronolide synthase docking domain	1	2465115
DUF based on E. rectale Gene description (DUF3880)	2	2465115
Helicase associated domain (HA2)	2	2465115
GTF2I-like repeat	1	2465115
Myosin VI cargo binding domain	1	2465115
Anti-sigma-D factor RsdA to sigma factor binding region	1	2465115
Zinc-ribbon	5	2465115
Proteasome assembly chaperone 4	1	2465115
N-terminal domain of CBF1 interacting co-repressor CIR	2	2465115
TSC-22/dip/bun family	1	2465115
POZ domain superfamily	2	2465115
CHD subfamily II	2	2465115
Helix-loop-helix DNA-binding domain	2	2465115
Novel Ras effector 1 C-terminal SARAH (Sav/Rassf/Hpo) domain	1	2465115
Apc13p protein	2	2465115
LIM interaction domain (LID)	1	2465115
Calponin family repeat	1	2465115
Ubiquitin fold domain	1	2465115
Binding domain of Nse4/EID3 to Nse3-MAGE	1	2465115
Mitochondrial ATP synthase epsilon chain	2	2465115
Type IIB DNA topoisomerase	2	2465115
Saposin-like superfamily	5	2465115
Tricorn protease C1 domain	1	2465115
CCT like-motif	2	2465115
Cdc37 C terminal domain	1	2465115
DNA endonuclease activator SAE2/CtIP C-terminus	1	2465115
Protein similar to CwfJ C-terminus 2	1	2465115
Proteasome regulatory subunit C-terminal	1	2465115
Shwachman-Bodian-Diamond syndrome (SBDS) protein	1	2465115
Cathepsin propeptide inhibitor domain (I29)	2	2465115
DNL zinc finger	1	2465115
Bucentaur or craniofacial development	1	2465115
SNARE associated Golgi protein	4	2465115
LisH-like	1	2465115
tRNA-methyltransferase O	1	2465115
Cytochrome oxidase c assembly	2	2465115
Insect cuticle protein	1	2465115
FERM adjacent (FA)	1	2465115
TRAM1-like protein	1	2465115
Repeat in HS1/Cortactin	1	2465115
CXC domain	1	2465115
Putative treble-clef	1	2465115
Lipin/Ned1/Smp2 multi-domain protein middle domain	1	2465115
Bromodomain	2	2465115
SAB domain	1	2465115
Cilia BBSome complex subunit 10	1	2465115
Bacterial membrane protein N terminal	2	2465115
DGC domain	3	2465115
Malonate transporter MadL subunit	1	2465115
Metanogen output domain 2	1	2465115
Fasciclin domain	2	2465115
FlgA N-terminal domain	1	2465115
LolA/B superfamily	1	2465115
VWA / Hh  protein intein-like	1	2465115
MIT (microtubule interacting and transport) domain	2	2465115
Uncharacterized protein conserved in archaea (DUF2258)	1	2465115
Calcium binding protein SSO6904	1	2465115
Positive regulator of sigma(E)	2	2465115
Arcadin 1	1	2465115
Uncharacterized protein conserved in archaea (DUF2175)	1	2465115
PilX N-terminal	1	2465115
T-complex protein 10 C-terminus	2	2465115
NOP protein chaperone 1	1	2465115
Erythronolide synthase	1	2465115
XkdW protein	1	2465115
Associated with zinc fingers	2	2465115
Exosome complex exonuclease RRP4 N-terminal region	1	2465115
RXLR phytopathogen effector protein WY-domain	1	2465115
Translation machinery associated TMA7	1	2465115
Cyclin-dependent kinase regulatory subunit	1	2465115
Anti-sigma factor N-terminus	1	2465115
Uncharacterized protein conserved in bacteria (DUF2251)	1	2465115
Surp module	2	2465115
Ta0938	2	2465115
Phage tail tube protein	1	2465115
Pex14 N-terminal domain	1	2465115
PhTx neurotoxin family	1	2465115
Competence-damaged protein	1	2465115
Acyltransferase clan	1	2465115
Thrombin inhibitor Madanin	1	2465115
Class-I Glutamine amidotransferase superfamily	1	2465115
Copper resistance protein ScsC N-terminal domain	1	2465115
FtsH ternary system domain X3	1	2465115
Sld7 C-terminal domain	1	2465115
Fumarylacetoacetase N-terminal domain 2	1	2465115
Predicted membrane protein (DUF2177)	1	2465115
Centrosome localisation domain of PPC89	1	2465115
LDH C-terminal domain-like superfamily	1	2465115
Barrier to autointegration factor	1	2465115
SGS domain	1	2465115
HELP motif	1	2465115
C-terminal domain of tail specific protease (DUF3340)	1	2465115
Peptidase family C1 propeptide	1	2465115
Thyroglobulin type-1 repeat	2	2465115
Spa2 homology domain (SHD) of GIT	1	2465115
ER protein Pkr1	1	2465115
Phospholipid-translocating ATPase N-terminal	1	2465115
CheR methyltransferase	1	2465115
Type-F conjugative transfer system pilin assembly protein	1	2465115
Nanos RNA binding domain	1	2465115
CDI immunity protein	1	2465115
Endosomal sorting complex assembly domain	1	2465115
Rabenosyn Rab binding domain	1	2465115
Terminase small subunit	1	2465115
TerB-C domain	1	2465115
Alpha-lytic protease prodomain	1	2465115
Dihydroneopterin aldolase	1	2465115
Tetrahydrodipicolinate succinyltransferase N-terminal	1	2465115
